peft,r,eval_loss,acc,last_acc,prompt_acc
lora,8,0.535580039024353,42.89544235924933,42.35924932975871,6.434316353887399
lora,16,0.3978298604488373,42.89544235924933,42.89544235924933,9.115281501340483
lora,32,0.3394290506839752,42.89544235924933,42.89544235924933,15.549597855227882
lora,64,0.3114803731441498,44.50402144772118,44.23592493297587,33.51206434316354
lora,128,0.3006526827812195,47.45308310991957,47.18498659517426,44.77211796246649
