r,eval_loss,acc
8,0.535580039024353,42.89544235924933
16,0.3978298604488373,42.89544235924933
32,0.3394290506839752,42.89544235924933
64,0.3114803731441498,44.50402144772118
128,0.3006526827812195,47.45308310991957
