r,eval_loss,acc
8,0.5295646786689758,56.8
16,0.37287721037864685,65.60000000000001
32,0.31241151690483093,67.46666666666667
64,0.2824697196483612,66.13333333333333
128,0.27157023549079895,65.06666666666666
