peft,r,eval_loss,acc,last_acc,prompt_acc
lora,8,0.5295646786689758,56.8,56.8,30.4
lora,16,0.37287721037864685,65.60000000000001,65.60000000000001,61.06666666666667
lora,32,0.31241151690483093,67.46666666666667,67.46666666666667,64.53333333333333
lora,64,0.2824697196483612,66.13333333333333,66.13333333333333,64.26666666666667
lora,128,0.27157023549079895,65.06666666666666,65.06666666666666,60.0
