model,boolq,piqa,siqa,arcc,arce,obqa,hellas,winog,avg
./results_tira/llama-2-7b-common_170k-tira-lr=2.00e-04-M=32-K=32-seed=36--2026-04-13-12-04-21/output_-1__beam=1_eval.jsonl,70.85626911314985,83.62350380848748,80.70624360286591,72.95221843003414,87.66835016835017,84.39999999999999,88.97629954192392,84.6093133385951,81.72402475042583
